{
	"offset" : [ -0.013369395810373, 0.004027721289887, 0.012251179153361 ],
	"scale" : [ 1.011842695195314, 1.029808132954946, 0.986260719135116 ]
}
