{
	"offset" : [ -0.011664195203394, -0.011310828747196, 0.034977986540858 ],
	"scale" : [ 1.007943437660474, 1.007591370836026, 1.001116955741408 ]
}
